image_path,ground_truth,prediction,nsfw_prob,config,dataset
/Users/ahooker/Documents/Dissertation/virtushield/final-datasets/sl-dataset/unsafe-final/(m=bJWs4Lp)(mh=xR0tcr1l8RZnC3rF)b3748611-595c-43c9-8adc-a97ce8939e89.jpg,UNSAFE,UNSAFE,0.8243371248245239,full_system,second_life
/Users/ahooker/Documents/Dissertation/virtushield/final-datasets/sl-dataset/unsafe-final/(m=eGNdHgaaaa)(mh=0KUigjCqxFSm8AzK)11.jpg,UNSAFE,UNSAFE,0.9134240746498108,full_system,second_life
/Users/ahooker/Documents/Dissertation/virtushield/final-datasets/sl-dataset/unsafe-final/(m=eGNdHgaaaa)(mh=3LwbGE2kM00tFfs4)10.jpg,UNSAFE,UNSAFE,0.9304421544075012,full_system,second_life
/Users/ahooker/Documents/Dissertation/virtushield/final-datasets/sl-dataset/unsafe-final/(m=eGNdHgaaaa)(mh=4DJsFskn1AVJLsnC)4.jpg,UNSAFE,UNSAFE,0.8243831396102905,full_system,second_life
/Users/ahooker/Documents/Dissertation/virtushield/final-datasets/sl-dataset/unsafe-final/(m=eGNdHgaaaa)(mh=51lybDJIQ3rOCtXs)16.jpg,UNSAFE,UNSAFE,0.9880052208900452,full_system,second_life
/Users/ahooker/Documents/Dissertation/virtushield/final-datasets/sl-dataset/unsafe-final/(m=eGNdHgaaaa)(mh=5q8D8XserzTGstkH)13.jpg,UNSAFE,UNSAFE,0.9673470258712769,full_system,second_life
/Users/ahooker/Documents/Dissertation/virtushield/final-datasets/sl-dataset/unsafe-final/(m=eGNdHgaaaa)(mh=8JMR3s9f5AVJveKd)12.jpg,UNSAFE,UNSAFE,0.8071606159210205,full_system,second_life
/Users/ahooker/Documents/Dissertation/virtushield/final-datasets/sl-dataset/unsafe-final/(m=eGNdHgaaaa)(mh=8sS4sJBh7dzyDYnb)2.jpg,UNSAFE,UNSAFE,0.9431850910186768,full_system,second_life
/Users/ahooker/Documents/Dissertation/virtushield/final-datasets/sl-dataset/unsafe-final/(m=eGNdHgaaaa)(mh=Hua2GAxETyGyYpCn)9.jpg,UNSAFE,UNSAFE,0.7712928652763367,full_system,second_life
/Users/ahooker/Documents/Dissertation/virtushield/final-datasets/sl-dataset/unsafe-final/(m=eGNdHgaaaa)(mh=Kc7QGm6-t2CfIUQX)5.jpg,UNSAFE,UNSAFE,0.7899371385574341,full_system,second_life
/Users/ahooker/Documents/Dissertation/virtushield/final-datasets/sl-dataset/unsafe-final/(m=eGNdHgaaaa)(mh=Wik_F3KSBHjWZogd)15.jpg,UNSAFE,UNSAFE,0.8071643710136414,full_system,second_life
/Users/ahooker/Documents/Dissertation/virtushield/final-datasets/sl-dataset/unsafe-final/(m=eGNdHgaaaa)(mh=XJ8TriVp5uPMWIgs)12.jpg,UNSAFE,UNSAFE,0.9488844275474548,full_system,second_life
/Users/ahooker/Documents/Dissertation/virtushield/final-datasets/sl-dataset/unsafe-final/(m=eGNdHgaaaa)(mh=aOM3d5spO-uxoJaa)16.jpg,UNSAFE,UNSAFE,0.7578864097595215,full_system,second_life
/Users/ahooker/Documents/Dissertation/virtushield/final-datasets/sl-dataset/unsafe-final/(m=eGNdHgaaaa)(mh=l_IvRLwFwGcrZHic)9.jpg,UNSAFE,SAFE,0.3740697205066681,full_system,second_life
/Users/ahooker/Documents/Dissertation/virtushield/final-datasets/sl-dataset/unsafe-final/(m=eGNdHgaaaa)(mh=mG2o3AmAuLz6bqbN)11.jpg,UNSAFE,UNSAFE,0.7879284024238586,full_system,second_life
/Users/ahooker/Documents/Dissertation/virtushield/final-datasets/sl-dataset/unsafe-final/(m=eGNdHgaaaa)(mh=mxaLjvVTN1FgQDcT)2.jpg,UNSAFE,UNSAFE,0.9216448664665222,full_system,second_life
/Users/ahooker/Documents/Dissertation/virtushield/final-datasets/sl-dataset/unsafe-final/(m=eGNdHgaaaa)(mh=uiCqM1jdDYIM3YXi)8.jpg,UNSAFE,UNSAFE,0.8063796162605286,full_system,second_life
/Users/ahooker/Documents/Dissertation/virtushield/final-datasets/sl-dataset/unsafe-final/(m=eGNdHgaaaa)(mh=vaEWMpgc-jlJCiH1)9.jpg,UNSAFE,UNSAFE,0.9617854356765747,full_system,second_life
/Users/ahooker/Documents/Dissertation/virtushield/final-datasets/sl-dataset/unsafe-final/(m=eGNdHgaaaa)(mh=wpgABUnyX0ZY3osx)13.jpg,UNSAFE,UNSAFE,0.7398462891578674,full_system,second_life
/Users/ahooker/Documents/Dissertation/virtushield/final-datasets/sl-dataset/unsafe-final/(m=eaAaGwObaaaa)(mh=v7ZJ0ms_5vkrhrhI)14.jpg,UNSAFE,UNSAFE,0.927516520023346,full_system,second_life
/Users/ahooker/Documents/Dissertation/virtushield/final-datasets/sl-dataset/unsafe-final/(m=eaAaGwObaaamqv)(mh=Wlxcq-oA__RJczxz)5.jpg,UNSAFE,UNSAFE,0.8177686929702759,full_system,second_life
/Users/ahooker/Documents/Dissertation/virtushield/final-datasets/sl-dataset/unsafe-final/(m=eaSaaTbaAaaaa)(mh=1qNTZ_W-m6wZ2lQW)14.jpg,UNSAFE,UNSAFE,0.7156860828399658,full_system,second_life
/Users/ahooker/Documents/Dissertation/virtushield/final-datasets/sl-dataset/unsafe-final/(m=eaSaaTbaAaaaa)(mh=56j_WFjO_z_QNbkx)8.jpg,UNSAFE,UNSAFE,0.9012611508369446,full_system,second_life
/Users/ahooker/Documents/Dissertation/virtushield/final-datasets/sl-dataset/unsafe-final/(m=eaSaaTbaAaaaa)(mh=6vLzfEzXlcAd6uaZ)10.jpg,UNSAFE,UNSAFE,0.8704855442047119,full_system,second_life
/Users/ahooker/Documents/Dissertation/virtushield/final-datasets/sl-dataset/unsafe-final/(m=eaSaaTbaAaaaa)(mh=I-fCUFV9roBgoFJI)12.jpg,UNSAFE,SAFE,0.2684519290924072,full_system,second_life
/Users/ahooker/Documents/Dissertation/virtushield/final-datasets/sl-dataset/unsafe-final/(m=eaSaaTbaAaaaa)(mh=w1SM8-n5l2Paxmnz)7.jpg,UNSAFE,UNSAFE,0.7475447654724121,full_system,second_life
/Users/ahooker/Documents/Dissertation/virtushield/final-datasets/sl-dataset/unsafe-final/(m=eafTGgaaaWavb)(mh=F1OVGY6cM1bfhU2o)5.jpg,UNSAFE,UNSAFE,0.8349027633666992,full_system,second_life
/Users/ahooker/Documents/Dissertation/virtushield/final-datasets/sl-dataset/unsafe-final/(m=eafTGgaaaa)(mh=LuOEz5B09ZwExwgS)13.jpg,UNSAFE,UNSAFE,0.9297770857810974,full_system,second_life
/Users/ahooker/Documents/Dissertation/virtushield/final-datasets/sl-dataset/unsafe-final/(m=eafTGgaaaa)(mh=RKwDYBfX4rRuIPO6)2.jpg,UNSAFE,UNSAFE,0.8110883831977844,full_system,second_life
/Users/ahooker/Documents/Dissertation/virtushield/final-datasets/sl-dataset/unsafe-final/(m=eafTGgaaaa)(mh=bldLmfErpVMw_HlJ)4.jpg,UNSAFE,UNSAFE,0.7482556700706482,full_system,second_life
/Users/ahooker/Documents/Dissertation/virtushield/final-datasets/sl-dataset/unsafe-final/(m=eafTGgaaaa)(mh=qiszNNiK-_50OcuT)1.jpg,UNSAFE,UNSAFE,0.7929043173789978,full_system,second_life
/Users/ahooker/Documents/Dissertation/virtushield/final-datasets/sl-dataset/unsafe-final/(m=q_MP50ZbeqglHgaaaa)(mh=esa0gNYLa0YC17yP)0.jpg,UNSAFE,UNSAFE,0.8822709918022156,full_system,second_life
/Users/ahooker/Documents/Dissertation/virtushield/final-datasets/sl-dataset/unsafe-final/0.png,UNSAFE,UNSAFE,0.9843053817749023,full_system,second_life
/Users/ahooker/Documents/Dissertation/virtushield/final-datasets/sl-dataset/unsafe-final/050df1a62a0f77b60dd40cb7daa0b768.27.jpg,UNSAFE,UNSAFE,0.9461410641670227,full_system,second_life
/Users/ahooker/Documents/Dissertation/virtushield/final-datasets/sl-dataset/unsafe-final/1.jpg,UNSAFE,UNSAFE,0.8767094016075134,full_system,second_life
/Users/ahooker/Documents/Dissertation/virtushield/final-datasets/sl-dataset/unsafe-final/10spuuo_jx5edp4uc0ga1.jpg,UNSAFE,UNSAFE,0.7093165516853333,full_system,second_life
/Users/ahooker/Documents/Dissertation/virtushield/final-datasets/sl-dataset/unsafe-final/10spuuo_jxj5cpprc0ga1.jpg,UNSAFE,UNSAFE,0.9703873991966248,full_system,second_life
/Users/ahooker/Documents/Dissertation/virtushield/final-datasets/sl-dataset/unsafe-final/1280x720.6.jpg,UNSAFE,UNSAFE,0.9711707830429077,full_system,second_life
/Users/ahooker/Documents/Dissertation/virtushield/final-datasets/sl-dataset/unsafe-final/15j6yic_138bawz7ycgb1.png,UNSAFE,UNSAFE,0.9610645771026611,full_system,second_life
/Users/ahooker/Documents/Dissertation/virtushield/final-datasets/sl-dataset/unsafe-final/15j6yic_kyczhoq8ycgb1.png,UNSAFE,UNSAFE,0.9801244735717773,full_system,second_life
/Users/ahooker/Documents/Dissertation/virtushield/final-datasets/sl-dataset/unsafe-final/15j6yic_xleb9tq8ycgb1.png,UNSAFE,UNSAFE,0.9345277547836304,full_system,second_life
/Users/ahooker/Documents/Dissertation/virtushield/final-datasets/sl-dataset/unsafe-final/15rpotq_144t9zfzb9ib1.jpg,UNSAFE,UNSAFE,0.8216066360473633,full_system,second_life
/Users/ahooker/Documents/Dissertation/virtushield/final-datasets/sl-dataset/unsafe-final/15rpotq_1s8fc7hzb9ib1.jpg,UNSAFE,UNSAFE,0.9727268815040588,full_system,second_life
/Users/ahooker/Documents/Dissertation/virtushield/final-datasets/sl-dataset/unsafe-final/15rpotq_3899rgizb9ib1.jpg,UNSAFE,UNSAFE,0.9624082446098328,full_system,second_life
/Users/ahooker/Documents/Dissertation/virtushield/final-datasets/sl-dataset/unsafe-final/15rpotq_3fx482czb9ib1.jpg,UNSAFE,UNSAFE,0.9548421502113342,full_system,second_life
/Users/ahooker/Documents/Dissertation/virtushield/final-datasets/sl-dataset/unsafe-final/1c2islp_mlgcd0ieu3uc1.jpg,UNSAFE,UNSAFE,0.7172727584838867,full_system,second_life
/Users/ahooker/Documents/Dissertation/virtushield/final-datasets/sl-dataset/unsafe-final/1c2islp_rl3nx2zdu3uc1.jpg,UNSAFE,UNSAFE,0.7776945233345032,full_system,second_life
/Users/ahooker/Documents/Dissertation/virtushield/final-datasets/sl-dataset/unsafe-final/1c2islp_xgomi4xdu3uc1.jpg,UNSAFE,SAFE,0.3796941339969635,full_system,second_life
/Users/ahooker/Documents/Dissertation/virtushield/final-datasets/sl-dataset/unsafe-final/1hn0b0p_2h2j6x5cv99e1.jpg,UNSAFE,UNSAFE,0.8496997356414795,full_system,second_life
/Users/ahooker/Documents/Dissertation/virtushield/final-datasets/sl-dataset/unsafe-final/1i33knf_au15mzvx5gde1.jpg,UNSAFE,UNSAFE,0.9047554135322571,full_system,second_life
/Users/ahooker/Documents/Dissertation/virtushield/final-datasets/sl-dataset/unsafe-final/1i3vxof_de6s9zmrjnde1.jpg,UNSAFE,UNSAFE,0.7559551000595093,full_system,second_life
/Users/ahooker/Documents/Dissertation/virtushield/final-datasets/sl-dataset/unsafe-final/1i3vxof_jrp8ozasjnde1.jpg,UNSAFE,UNSAFE,0.8788284063339233,full_system,second_life
/Users/ahooker/Documents/Dissertation/virtushield/final-datasets/sl-dataset/unsafe-final/1i3vxof_ltprednsjnde1.jpg,UNSAFE,UNSAFE,0.769417405128479,full_system,second_life
/Users/ahooker/Documents/Dissertation/virtushield/final-datasets/sl-dataset/unsafe-final/1i3vxof_m249ebdsjnde1.jpg,UNSAFE,UNSAFE,0.9805450439453125,full_system,second_life
/Users/ahooker/Documents/Dissertation/virtushield/final-datasets/sl-dataset/unsafe-final/1i3vxof_mjsti7yrjnde1.jpg,UNSAFE,UNSAFE,0.8564295172691345,full_system,second_life
/Users/ahooker/Documents/Dissertation/virtushield/final-datasets/sl-dataset/unsafe-final/1i3vxof_o8wthp0sjnde1.jpg,UNSAFE,SAFE,0.46016743779182434,full_system,second_life
/Users/ahooker/Documents/Dissertation/virtushield/final-datasets/sl-dataset/unsafe-final/1i3vxof_orz13jirjnde1.jpg,UNSAFE,UNSAFE,0.6851608157157898,full_system,second_life
/Users/ahooker/Documents/Dissertation/virtushield/final-datasets/sl-dataset/unsafe-final/1i3vxof_q9sa1r5sjnde1.jpg,UNSAFE,UNSAFE,0.7823846340179443,full_system,second_life
/Users/ahooker/Documents/Dissertation/virtushield/final-datasets/sl-dataset/unsafe-final/1i3vxof_t7vpoghsjnde1.jpg,UNSAFE,UNSAFE,0.9608145952224731,full_system,second_life
/Users/ahooker/Documents/Dissertation/virtushield/final-datasets/sl-dataset/unsafe-final/1i3vxof_tagchosrjnde1.jpg,UNSAFE,UNSAFE,0.958220362663269,full_system,second_life
/Users/ahooker/Documents/Dissertation/virtushield/final-datasets/sl-dataset/unsafe-final/1i3vxof_ufjfqrpsjnde1.jpg,UNSAFE,UNSAFE,0.9343393445014954,full_system,second_life
/Users/ahooker/Documents/Dissertation/virtushield/final-datasets/sl-dataset/unsafe-final/1j1tdug_0hu1u95zoame1.jpg,UNSAFE,UNSAFE,0.9252557158470154,full_system,second_life
/Users/ahooker/Documents/Dissertation/virtushield/final-datasets/sl-dataset/unsafe-final/1j1tdug_0iokw7tyoame1.png,UNSAFE,UNSAFE,0.9147543907165527,full_system,second_life
/Users/ahooker/Documents/Dissertation/virtushield/final-datasets/sl-dataset/unsafe-final/1j1tdug_9x4yu0wzoame1.jpg,UNSAFE,UNSAFE,0.8431806564331055,full_system,second_life
/Users/ahooker/Documents/Dissertation/virtushield/final-datasets/sl-dataset/unsafe-final/1j1y5i8_0jfnyvseobme1.png,UNSAFE,UNSAFE,0.9345277547836304,full_system,second_life
/Users/ahooker/Documents/Dissertation/virtushield/final-datasets/sl-dataset/unsafe-final/1j1y5i8_4ftjlpyfobme1.jpg,UNSAFE,UNSAFE,0.9727268815040588,full_system,second_life
/Users/ahooker/Documents/Dissertation/virtushield/final-datasets/sl-dataset/unsafe-final/1j1y5i8_7dxeg68eobme1.png,UNSAFE,UNSAFE,0.9801244735717773,full_system,second_life
/Users/ahooker/Documents/Dissertation/virtushield/final-datasets/sl-dataset/unsafe-final/1j1y5i8_7nn00bleobme1.png,UNSAFE,UNSAFE,0.9610645771026611,full_system,second_life
/Users/ahooker/Documents/Dissertation/virtushield/final-datasets/sl-dataset/unsafe-final/1j1y5i8_cn191mnfobme1.jpg,UNSAFE,UNSAFE,0.7505342960357666,full_system,second_life
/Users/ahooker/Documents/Dissertation/virtushield/final-datasets/sl-dataset/unsafe-final/1j1y5i8_g8gdkikfobme1.jpg,UNSAFE,UNSAFE,0.8212365508079529,full_system,second_life
/Users/ahooker/Documents/Dissertation/virtushield/final-datasets/sl-dataset/unsafe-final/1j1y5i8_k10rspdfobme1.jpg,UNSAFE,UNSAFE,0.7427100539207458,full_system,second_life
/Users/ahooker/Documents/Dissertation/virtushield/final-datasets/sl-dataset/unsafe-final/1j1y5i8_kwtza56fobme1.jpg,UNSAFE,UNSAFE,0.7807401418685913,full_system,second_life
/Users/ahooker/Documents/Dissertation/virtushield/final-datasets/sl-dataset/unsafe-final/1j1y5i8_m1ng1r7gobme1.jpg,UNSAFE,UNSAFE,0.9624082446098328,full_system,second_life
/Users/ahooker/Documents/Dissertation/virtushield/final-datasets/sl-dataset/unsafe-final/1j1y5i8_ncw57oafobme1.jpg,UNSAFE,UNSAFE,0.8204401731491089,full_system,second_life
/Users/ahooker/Documents/Dissertation/virtushield/final-datasets/sl-dataset/unsafe-final/1j1y5i8_xtogbw2fobme1.jpg,UNSAFE,UNSAFE,0.9203919768333435,full_system,second_life
/Users/ahooker/Documents/Dissertation/virtushield/final-datasets/sl-dataset/unsafe-final/1k94ear_4fptoeh2udxe1.jpg,UNSAFE,UNSAFE,0.8955941796302795,full_system,second_life
/Users/ahooker/Documents/Dissertation/virtushield/final-datasets/sl-dataset/unsafe-final/1ke2w5d_53eecqf2rmye1.jpg,UNSAFE,UNSAFE,0.900367021560669,full_system,second_life
/Users/ahooker/Documents/Dissertation/virtushield/final-datasets/sl-dataset/unsafe-final/1ke2w5d_949icip2rmye1.jpg,UNSAFE,UNSAFE,0.7323514819145203,full_system,second_life
/Users/ahooker/Documents/Dissertation/virtushield/final-datasets/sl-dataset/unsafe-final/1ke2w5d_ib7szx62rmye1.jpg,UNSAFE,UNSAFE,0.7640419006347656,full_system,second_life
/Users/ahooker/Documents/Dissertation/virtushield/final-datasets/sl-dataset/unsafe-final/1ke2w5d_jpjklxg2rmye1.jpg,UNSAFE,UNSAFE,0.8269476890563965,full_system,second_life
/Users/ahooker/Documents/Dissertation/virtushield/final-datasets/sl-dataset/unsafe-final/1ke2w5d_m0hf8pn2rmye1.jpg,UNSAFE,UNSAFE,0.8808494806289673,full_system,second_life
/Users/ahooker/Documents/Dissertation/virtushield/final-datasets/sl-dataset/unsafe-final/1kq33sp_8rv4bgkh2o1f1.jpg,UNSAFE,UNSAFE,0.6100922226905823,full_system,second_life
/Users/ahooker/Documents/Dissertation/virtushield/final-datasets/sl-dataset/unsafe-final/1kq33sp_adoxufkh2o1f1.jpg,UNSAFE,UNSAFE,0.7483702898025513,full_system,second_life
/Users/ahooker/Documents/Dissertation/virtushield/final-datasets/sl-dataset/unsafe-final/1kq33sp_krv0xpkh2o1f1.jpg,UNSAFE,UNSAFE,0.7866611480712891,full_system,second_life
/Users/ahooker/Documents/Dissertation/virtushield/final-datasets/sl-dataset/unsafe-final/1kq33sp_nz28gikh2o1f1.jpg,UNSAFE,UNSAFE,0.8888358473777771,full_system,second_life
/Users/ahooker/Documents/Dissertation/virtushield/final-datasets/sl-dataset/unsafe-final/1l0y0yx_Steam should have never let me use the custom ar.png,UNSAFE,UNSAFE,0.9224650263786316,full_system,second_life
/Users/ahooker/Documents/Dissertation/virtushield/final-datasets/sl-dataset/unsafe-final/1l20xlj_0v1quv9bkm4f1.jpg,UNSAFE,UNSAFE,0.8381423354148865,full_system,second_life
/Users/ahooker/Documents/Dissertation/virtushield/final-datasets/sl-dataset/unsafe-final/1l20xlj_1he3nv9bkm4f1.jpg,UNSAFE,UNSAFE,0.9801926016807556,full_system,second_life
/Users/ahooker/Documents/Dissertation/virtushield/final-datasets/sl-dataset/unsafe-final/1l20xlj_dfebvv9bkm4f1.jpg,UNSAFE,UNSAFE,0.9885030388832092,full_system,second_life
/Users/ahooker/Documents/Dissertation/virtushield/final-datasets/sl-dataset/unsafe-final/1l97zrl_1wni0pj4yd6f1.jpg,UNSAFE,UNSAFE,0.8244166374206543,full_system,second_life
/Users/ahooker/Documents/Dissertation/virtushield/final-datasets/sl-dataset/unsafe-final/1l97zrl_23grjod5yd6f1.jpg,UNSAFE,UNSAFE,0.8859677910804749,full_system,second_life
/Users/ahooker/Documents/Dissertation/virtushield/final-datasets/sl-dataset/unsafe-final/1l97zrl_2j5q0495yd6f1.jpg,UNSAFE,UNSAFE,0.8377947211265564,full_system,second_life
/Users/ahooker/Documents/Dissertation/virtushield/final-datasets/sl-dataset/unsafe-final/1l97zrl_77cp82m5yd6f1.jpg,UNSAFE,UNSAFE,0.9594911932945251,full_system,second_life
/Users/ahooker/Documents/Dissertation/virtushield/final-datasets/sl-dataset/unsafe-final/1l97zrl_ca3vbvz4yd6f1.jpg,UNSAFE,UNSAFE,0.7973864078521729,full_system,second_life
/Users/ahooker/Documents/Dissertation/virtushield/final-datasets/sl-dataset/unsafe-final/1l97zrl_hwerk4o4yd6f1.jpg,UNSAFE,UNSAFE,0.9260265827178955,full_system,second_life
/Users/ahooker/Documents/Dissertation/virtushield/final-datasets/sl-dataset/unsafe-final/1l97zrl_mutxrir4yd6f1.jpg,UNSAFE,UNSAFE,0.9805597066879272,full_system,second_life
/Users/ahooker/Documents/Dissertation/virtushield/final-datasets/sl-dataset/unsafe-final/1l97zrl_o3gr2iu4yd6f1.jpg,UNSAFE,UNSAFE,0.9585093259811401,full_system,second_life
/Users/ahooker/Documents/Dissertation/virtushield/final-datasets/sl-dataset/unsafe-final/1l97zrl_sk8y2qf5yd6f1.jpg,UNSAFE,UNSAFE,0.9605816602706909,full_system,second_life
/Users/ahooker/Documents/Dissertation/virtushield/final-datasets/sl-dataset/unsafe-final/1l97zrl_tl07jcx4yd6f1.jpg,UNSAFE,UNSAFE,0.818408191204071,full_system,second_life
/Users/ahooker/Documents/Dissertation/virtushield/final-datasets/sl-dataset/unsafe-final/1lht5i9_2wsebfllhi8f1.png,UNSAFE,UNSAFE,0.8253383636474609,full_system,second_life
/Users/ahooker/Documents/Dissertation/virtushield/final-datasets/sl-dataset/unsafe-final/1lnhxs0_Best nude mod for Stellar Blade.jpeg,UNSAFE,UNSAFE,0.9639967083930969,full_system,second_life
/Users/ahooker/Documents/Dissertation/virtushield/final-datasets/sl-dataset/unsafe-final/1lsyq5f_6ow1u14rl8bf1.jpg,UNSAFE,UNSAFE,0.9498620629310608,full_system,second_life
/Users/ahooker/Documents/Dissertation/virtushield/final-datasets/sl-dataset/unsafe-final/1lsyq5f_i34zex6ql8bf1.jpg,UNSAFE,UNSAFE,0.8374904990196228,full_system,second_life
/Users/ahooker/Documents/Dissertation/virtushield/final-datasets/sl-dataset/unsafe-final/1m30cug_euniohrggmdf1.jpg,UNSAFE,UNSAFE,0.9457045197486877,full_system,second_life
/Users/ahooker/Documents/Dissertation/virtushield/final-datasets/sl-dataset/unsafe-final/1n4ypmy_36a3jdptpdmf1.png,UNSAFE,UNSAFE,0.8344427347183228,full_system,second_life
/Users/ahooker/Documents/Dissertation/virtushield/final-datasets/sl-dataset/unsafe-final/1n4ypmy_73fizhbnpdmf1.png,UNSAFE,UNSAFE,0.8283931612968445,full_system,second_life
/Users/ahooker/Documents/Dissertation/virtushield/final-datasets/sl-dataset/unsafe-final/1n4ypmy_afiy1d9qpdmf1.png,UNSAFE,UNSAFE,0.7813563942909241,full_system,second_life
/Users/ahooker/Documents/Dissertation/virtushield/final-datasets/sl-dataset/unsafe-final/1n4ypmy_hcft234rpdmf1.png,UNSAFE,UNSAFE,0.7170939445495605,full_system,second_life
/Users/ahooker/Documents/Dissertation/virtushield/final-datasets/sl-dataset/unsafe-final/1n4ypmy_i3qkjhxppdmf1.png,UNSAFE,UNSAFE,0.8085309267044067,full_system,second_life
/Users/ahooker/Documents/Dissertation/virtushield/final-datasets/sl-dataset/unsafe-final/1n4ypmy_j7qmstfqpdmf1.png,UNSAFE,UNSAFE,0.7245286703109741,full_system,second_life
/Users/ahooker/Documents/Dissertation/virtushield/final-datasets/sl-dataset/unsafe-final/1n4ypmy_qind6x9ppdmf1.png,UNSAFE,UNSAFE,0.8309402465820312,full_system,second_life
/Users/ahooker/Documents/Dissertation/virtushield/final-datasets/sl-dataset/unsafe-final/1n4ypmy_r8ruxlbtpdmf1.png,UNSAFE,UNSAFE,0.8436547517776489,full_system,second_life
/Users/ahooker/Documents/Dissertation/virtushield/final-datasets/sl-dataset/unsafe-final/1n4ypmy_wrm62gpmpdmf1.png,UNSAFE,UNSAFE,0.7221390604972839,full_system,second_life
/Users/ahooker/Documents/Dissertation/virtushield/final-datasets/sl-dataset/unsafe-final/1n4ypmy_y38veyorpdmf1.png,UNSAFE,UNSAFE,0.745394766330719,full_system,second_life
/Users/ahooker/Documents/Dissertation/virtushield/final-datasets/sl-dataset/unsafe-final/1n4ypmy_ytwuyevqpdmf1.png,UNSAFE,UNSAFE,0.7397332191467285,full_system,second_life
/Users/ahooker/Documents/Dissertation/virtushield/final-datasets/sl-dataset/unsafe-final/1nxdr11_Atsu taking a hot bath in Ghost of Yotei.jpeg,UNSAFE,UNSAFE,0.7713776230812073,full_system,second_life
/Users/ahooker/Documents/Dissertation/virtushield/final-datasets/sl-dataset/unsafe-final/1obxgf8_3nu020qkqcwf1.png,UNSAFE,UNSAFE,0.7299407124519348,full_system,second_life
/Users/ahooker/Documents/Dissertation/virtushield/final-datasets/sl-dataset/unsafe-final/1obxgf8_8viife8lqcwf1.png,UNSAFE,UNSAFE,0.7562215328216553,full_system,second_life
/Users/ahooker/Documents/Dissertation/virtushield/final-datasets/sl-dataset/unsafe-final/1obxgf8_m6gqqmqiqcwf1.png,UNSAFE,UNSAFE,0.9542058706283569,full_system,second_life
/Users/ahooker/Documents/Dissertation/virtushield/final-datasets/sl-dataset/unsafe-final/1obxgf8_mufi7limqcwf1.png,UNSAFE,UNSAFE,0.8286422491073608,full_system,second_life
/Users/ahooker/Documents/Dissertation/virtushield/final-datasets/sl-dataset/unsafe-final/1obxgf8_rmyh6ihjqcwf1.png,UNSAFE,UNSAFE,0.7579658627510071,full_system,second_life
/Users/ahooker/Documents/Dissertation/virtushield/final-datasets/sl-dataset/unsafe-final/3dxchat-sex-animations_07.jpg,UNSAFE,UNSAFE,0.8494284749031067,full_system,second_life
/Users/ahooker/Documents/Dissertation/virtushield/final-datasets/sl-dataset/unsafe-final/3dxchat-sex-animations_09.jpg,UNSAFE,UNSAFE,0.8703000545501709,full_system,second_life
/Users/ahooker/Documents/Dissertation/virtushield/final-datasets/sl-dataset/unsafe-final/3dxchat-sex-animations_10.jpg,UNSAFE,UNSAFE,0.8672668933868408,full_system,second_life
/Users/ahooker/Documents/Dissertation/virtushield/final-datasets/sl-dataset/unsafe-final/3dxchat-sex-animations_17.jpg,UNSAFE,UNSAFE,0.8772119879722595,full_system,second_life
/Users/ahooker/Documents/Dissertation/virtushield/final-datasets/sl-dataset/unsafe-final/3qr1gemiyjy01.png.png,UNSAFE,UNSAFE,0.870031476020813,full_system,second_life
/Users/ahooker/Documents/Dissertation/virtushield/final-datasets/sl-dataset/unsafe-final/42469d2ec00aac19d2f34f9ab3327af3.29.jpg,UNSAFE,UNSAFE,0.8021184802055359,full_system,second_life
/Users/ahooker/Documents/Dissertation/virtushield/final-datasets/sl-dataset/unsafe-final/7lhv-dkWsAwhP79dFaaPLINNmTLNJL77qAQq05HhUY8.jpg.png,UNSAFE,UNSAFE,0.8950506448745728,full_system,second_life
/Users/ahooker/Documents/Dissertation/virtushield/final-datasets/sl-dataset/unsafe-final/8e301f7c92612ae671be115d9594613a.20.jpg,UNSAFE,UNSAFE,0.9413927793502808,full_system,second_life
/Users/ahooker/Documents/Dissertation/virtushield/final-datasets/sl-dataset/unsafe-final/920666596bc1e6aef085646c6ef59d99.17.jpg,UNSAFE,UNSAFE,0.927406907081604,full_system,second_life
/Users/ahooker/Documents/Dissertation/virtushield/final-datasets/sl-dataset/unsafe-final/AChat_screenshot_12152018082017-650x520.jpg,UNSAFE,UNSAFE,0.7834330201148987,full_system,second_life
/Users/ahooker/Documents/Dissertation/virtushield/final-datasets/sl-dataset/unsafe-final/AChat_screenshot_12272918082017-550x440.jpg,UNSAFE,UNSAFE,0.9295970797538757,full_system,second_life
/Users/ahooker/Documents/Dissertation/virtushield/final-datasets/sl-dataset/unsafe-final/AChat_screenshot_12324718082017-550x440.jpg,UNSAFE,UNSAFE,0.915763795375824,full_system,second_life
/Users/ahooker/Documents/Dissertation/virtushield/final-datasets/sl-dataset/unsafe-final/AChat_screenshot_12370118082017-650x520.jpg,UNSAFE,UNSAFE,0.9400603771209717,full_system,second_life
/Users/ahooker/Documents/Dissertation/virtushield/final-datasets/sl-dataset/unsafe-final/Ag1FZar2fqe9yOt78FU_vH8wnHu4dDD-alVCQirETOw.jpg.png,UNSAFE,UNSAFE,0.969308614730835,full_system,second_life
/Users/ahooker/Documents/Dissertation/virtushield/final-datasets/sl-dataset/unsafe-final/Bodysuit_ver.1_-_Nude_1.jpg,UNSAFE,UNSAFE,0.9746854901313782,full_system,second_life
/Users/ahooker/Documents/Dissertation/virtushield/final-datasets/sl-dataset/unsafe-final/SECOND-LIFE.jpg,UNSAFE,UNSAFE,0.9261034727096558,full_system,second_life
/Users/ahooker/Documents/Dissertation/virtushield/final-datasets/sl-dataset/unsafe-final/Screenshot 2025-11-02 at 12.02.32 PM.png,UNSAFE,UNSAFE,0.7724411487579346,full_system,second_life
/Users/ahooker/Documents/Dissertation/virtushield/final-datasets/sl-dataset/unsafe-final/Screenshot 2025-11-02 at 12.02.59 PM.png,UNSAFE,UNSAFE,0.77284836769104,full_system,second_life
/Users/ahooker/Documents/Dissertation/virtushield/final-datasets/sl-dataset/unsafe-final/Screenshot 2025-11-02 at 12.03.43 PM.png,UNSAFE,UNSAFE,0.7570486664772034,full_system,second_life
/Users/ahooker/Documents/Dissertation/virtushield/final-datasets/sl-dataset/unsafe-final/Screenshot 2025-11-02 at 12.04.04 PM.png,UNSAFE,UNSAFE,0.7395161390304565,full_system,second_life
/Users/ahooker/Documents/Dissertation/virtushield/final-datasets/sl-dataset/unsafe-final/Screenshot 2025-11-02 at 12.04.22 PM.png,UNSAFE,UNSAFE,0.8195726871490479,full_system,second_life
/Users/ahooker/Documents/Dissertation/virtushield/final-datasets/sl-dataset/unsafe-final/Screenshot 2025-11-02 at 12.04.47 PM.png,UNSAFE,UNSAFE,0.75397789478302,full_system,second_life
/Users/ahooker/Documents/Dissertation/virtushield/final-datasets/sl-dataset/unsafe-final/Screenshot-2025-02-01-230358.png,UNSAFE,UNSAFE,0.8621488809585571,full_system,second_life
/Users/ahooker/Documents/Dissertation/virtushield/final-datasets/sl-dataset/unsafe-final/Snapshot_001-2048x1280.png,UNSAFE,UNSAFE,0.7808388471603394,full_system,second_life
/Users/ahooker/Documents/Dissertation/virtushield/final-datasets/sl-dataset/unsafe-final/Snapshot_007-2048x1280.png,UNSAFE,UNSAFE,0.816516101360321,full_system,second_life
/Users/ahooker/Documents/Dissertation/virtushield/final-datasets/sl-dataset/unsafe-final/VDZcV1-IqayHgTAQQvZYcj2wYwuL84GEc8pmREsfx4I.jpg.png,UNSAFE,UNSAFE,0.9710608124732971,full_system,second_life
/Users/ahooker/Documents/Dissertation/virtushield/final-datasets/sl-dataset/unsafe-final/Y1SpEc8bFHpN7U88hPCCvzpP7W4vIPLYnCTvfnOBXg8.jpg.png,UNSAFE,UNSAFE,0.7338725924491882,full_system,second_life
/Users/ahooker/Documents/Dissertation/virtushield/final-datasets/sl-dataset/unsafe-final/acm8cei6zlf51.jpg.png,UNSAFE,UNSAFE,0.7716795206069946,full_system,second_life
/Users/ahooker/Documents/Dissertation/virtushield/final-datasets/sl-dataset/unsafe-final/afk-fuck-places.jpg,UNSAFE,UNSAFE,0.9377184510231018,full_system,second_life
/Users/ahooker/Documents/Dissertation/virtushield/final-datasets/sl-dataset/unsafe-final/c2f30eaf657007cf1b0ad8efa0cec50f.27.jpg,UNSAFE,UNSAFE,0.7598651647567749,full_system,second_life
/Users/ahooker/Documents/Dissertation/virtushield/final-datasets/sl-dataset/unsafe-final/colourful-non-floral-tattoo-suggestions-v0-1taxjw12qqwf1.jpeg.png,UNSAFE,UNSAFE,0.8305135369300842,full_system,second_life
/Users/ahooker/Documents/Dissertation/virtushield/final-datasets/sl-dataset/unsafe-final/cookiesad69_0018_300px.jpg,UNSAFE,UNSAFE,0.7898664474487305,full_system,second_life
/Users/ahooker/Documents/Dissertation/virtushield/final-datasets/sl-dataset/unsafe-final/cookiesad69_0025.jpg,UNSAFE,UNSAFE,0.7204461097717285,full_system,second_life
/Users/ahooker/Documents/Dissertation/virtushield/final-datasets/sl-dataset/unsafe-final/e11r4wv7xqj41.jpg.png,UNSAFE,UNSAFE,0.809024453163147,full_system,second_life
/Users/ahooker/Documents/Dissertation/virtushield/final-datasets/sl-dataset/unsafe-final/enhanced_alexandra-jt-woodcrest_028.jpg,UNSAFE,UNSAFE,0.7933555841445923,full_system,second_life
/Users/ahooker/Documents/Dissertation/virtushield/final-datasets/sl-dataset/unsafe-final/ez2pu2u9isc41.jpg.png,UNSAFE,UNSAFE,0.7453064322471619,full_system,second_life
/Users/ahooker/Documents/Dissertation/virtushield/final-datasets/sl-dataset/unsafe-final/ezBsaBXdC6twOZnJKoUdWjHiyr2AlWQfMr5ceGuowT4.jpg.png,UNSAFE,UNSAFE,0.8533646464347839,full_system,second_life
/Users/ahooker/Documents/Dissertation/virtushield/final-datasets/sl-dataset/unsafe-final/fANQqMqVu47gZGCabe58JVD54flwjNrC0a2B3INlnlQ.jpg.png,UNSAFE,UNSAFE,0.962185800075531,full_system,second_life
/Users/ahooker/Documents/Dissertation/virtushield/final-datasets/sl-dataset/unsafe-final/finally-bought-a-house-where-to-get-furniture-v0-2hgfnzfw9rvf1.png.png,UNSAFE,UNSAFE,0.7465621829032898,full_system,second_life
/Users/ahooker/Documents/Dissertation/virtushield/final-datasets/sl-dataset/unsafe-final/finally-bought-a-house-where-to-get-furniture-v0-h26bozfw9rvf1.png.png,UNSAFE,UNSAFE,0.8053291440010071,full_system,second_life
/Users/ahooker/Documents/Dissertation/virtushield/final-datasets/sl-dataset/unsafe-final/friends-on-the-beach-v0-bhbkn6xvejwa1.jpg.png,UNSAFE,UNSAFE,0.8089651465415955,full_system,second_life
/Users/ahooker/Documents/Dissertation/virtushield/final-datasets/sl-dataset/unsafe-final/ft3fntlt9yo91.png.png,UNSAFE,UNSAFE,0.7461621165275574,full_system,second_life
/Users/ahooker/Documents/Dissertation/virtushield/final-datasets/sl-dataset/unsafe-final/gr6h44rrx9171.jpg.png,UNSAFE,UNSAFE,0.8774542212486267,full_system,second_life
/Users/ahooker/Documents/Dissertation/virtushield/final-datasets/sl-dataset/unsafe-final/h_4rOUp4XrGQMWbrKejIq-hbU3qZKNs2vyqMcp4B4CI.jpg.png,UNSAFE,UNSAFE,0.9214696288108826,full_system,second_life
/Users/ahooker/Documents/Dissertation/virtushield/final-datasets/sl-dataset/unsafe-final/hetu1ka3sxd41.png.png,UNSAFE,UNSAFE,0.75760418176651,full_system,second_life
/Users/ahooker/Documents/Dissertation/virtushield/final-datasets/sl-dataset/unsafe-final/i9bmluujhvn61.jpg.png,UNSAFE,UNSAFE,0.9413633942604065,full_system,second_life
/Users/ahooker/Documents/Dissertation/virtushield/final-datasets/sl-dataset/unsafe-final/images.jpeg,UNSAFE,UNSAFE,0.8904624581336975,full_system,second_life
/Users/ahooker/Documents/Dissertation/virtushield/final-datasets/sl-dataset/unsafe-final/images0.jpeg,UNSAFE,UNSAFE,0.7330138683319092,full_system,second_life
/Users/ahooker/Documents/Dissertation/virtushield/final-datasets/sl-dataset/unsafe-final/images1.jpeg,UNSAFE,UNSAFE,0.8254199028015137,full_system,second_life
/Users/ahooker/Documents/Dissertation/virtushield/final-datasets/sl-dataset/unsafe-final/kShJ3w_4BPc6F3E_udQEQRbV_MKUyKgoIDyoBoeK_5Q.jpg.png,UNSAFE,UNSAFE,0.9627012610435486,full_system,second_life
/Users/ahooker/Documents/Dissertation/virtushield/final-datasets/sl-dataset/unsafe-final/leila-lando-owner_0066-2048x1102.jpg,UNSAFE,UNSAFE,0.8379149436950684,full_system,second_life
/Users/ahooker/Documents/Dissertation/virtushield/final-datasets/sl-dataset/unsafe-final/leila-lando-owner_01515-2048x1102.jpg,UNSAFE,UNSAFE,0.824187159538269,full_system,second_life
/Users/ahooker/Documents/Dissertation/virtushield/final-datasets/sl-dataset/unsafe-final/leila-noob-dating-lesson_0033-scaled.jpg,UNSAFE,UNSAFE,0.9518726468086243,full_system,second_life
/Users/ahooker/Documents/Dissertation/virtushield/final-datasets/sl-dataset/unsafe-final/leila-noob-dating-neilforest_02222_1.png,UNSAFE,UNSAFE,0.9369780421257019,full_system,second_life
/Users/ahooker/Documents/Dissertation/virtushield/final-datasets/sl-dataset/unsafe-final/leila-noob-dating-oldnerd_00527.png,UNSAFE,UNSAFE,0.5461888313293457,full_system,second_life
/Users/ahooker/Documents/Dissertation/virtushield/final-datasets/sl-dataset/unsafe-final/leila-noob-dating-oldnerd_00931.png,UNSAFE,UNSAFE,0.9549238681793213,full_system,second_life
/Users/ahooker/Documents/Dissertation/virtushield/final-datasets/sl-dataset/unsafe-final/leila-noob-dating-oldnerd_01032.png,UNSAFE,UNSAFE,0.9422334432601929,full_system,second_life
/Users/ahooker/Documents/Dissertation/virtushield/final-datasets/sl-dataset/unsafe-final/leila-noob-lesson_0019-scaled.jpg,UNSAFE,UNSAFE,0.9297619462013245,full_system,second_life
/Users/ahooker/Documents/Dissertation/virtushield/final-datasets/sl-dataset/unsafe-final/leila-sami-noob_0022.png,UNSAFE,UNSAFE,0.7528092265129089,full_system,second_life
/Users/ahooker/Documents/Dissertation/virtushield/final-datasets/sl-dataset/unsafe-final/nw30tzfqte971.jpg.png,UNSAFE,UNSAFE,0.7298207879066467,full_system,second_life
/Users/ahooker/Documents/Dissertation/virtushield/final-datasets/sl-dataset/unsafe-final/opw5l3_4ujdp8xzjwc71.png,UNSAFE,UNSAFE,0.8278810977935791,full_system,second_life
/Users/ahooker/Documents/Dissertation/virtushield/final-datasets/sl-dataset/unsafe-final/opw5l3_jou7cojyjwc71.png,UNSAFE,UNSAFE,0.7466689944267273,full_system,second_life
/Users/ahooker/Documents/Dissertation/virtushield/final-datasets/sl-dataset/unsafe-final/opw5l3_kg9uu87zjwc71.png,UNSAFE,UNSAFE,0.7622239589691162,full_system,second_life
/Users/ahooker/Documents/Dissertation/virtushield/final-datasets/sl-dataset/unsafe-final/ov9xhz_Mad moxxi nude mod borderlands 3.jpg,UNSAFE,UNSAFE,0.9108960032463074,full_system,second_life
/Users/ahooker/Documents/Dissertation/virtushield/final-datasets/sl-dataset/unsafe-final/playing-with-shadows-in-the-nude-nsfw-v0-1aje06stvi491.jpg.png,UNSAFE,UNSAFE,0.8118959665298462,full_system,second_life
/Users/ahooker/Documents/Dissertation/virtushield/final-datasets/sl-dataset/unsafe-final/playing-with-shadows-in-the-nude-nsfw-v0-9vc3wfttvi491.jpg.png,UNSAFE,UNSAFE,0.804236888885498,full_system,second_life
/Users/ahooker/Documents/Dissertation/virtushield/final-datasets/sl-dataset/unsafe-final/playing-with-shadows-in-the-nude-nsfw-v0-hhg3jewtvi491.jpg.png,UNSAFE,UNSAFE,0.8108398914337158,full_system,second_life
/Users/ahooker/Documents/Dissertation/virtushield/final-datasets/sl-dataset/unsafe-final/playing-with-shadows-in-the-nude-nsfw-v0-lthtkqntvi491.jpg.png,UNSAFE,UNSAFE,0.724119246006012,full_system,second_life
/Users/ahooker/Documents/Dissertation/virtushield/final-datasets/sl-dataset/unsafe-final/playing-with-shadows-in-the-nude-nsfw-v0-o6ldltutvi491.jpg.png,UNSAFE,UNSAFE,0.7096022367477417,full_system,second_life
/Users/ahooker/Documents/Dissertation/virtushield/final-datasets/sl-dataset/unsafe-final/playing-with-shadows-in-the-nude-nsfw-v0-zjgal9qtvi491.jpg.png,UNSAFE,UNSAFE,0.744903564453125,full_system,second_life
/Users/ahooker/Documents/Dissertation/virtushield/final-datasets/sl-dataset/unsafe-final/proud-of-this-edit-nsfw-v0-l05fvkzgwam91.png.png,UNSAFE,UNSAFE,0.7019252181053162,full_system,second_life
/Users/ahooker/Documents/Dissertation/virtushield/final-datasets/sl-dataset/unsafe-final/random-shots-from-secondlife-part-321-b-v0-4jdcma3tmgqf1.jpg.png,UNSAFE,UNSAFE,0.5866868495941162,full_system,second_life
/Users/ahooker/Documents/Dissertation/virtushield/final-datasets/sl-dataset/unsafe-final/random-shots-from-secondlife-part-321-b-v0-59n7y7r7mgqf1.jpg.png,UNSAFE,UNSAFE,0.97249436378479,full_system,second_life
/Users/ahooker/Documents/Dissertation/virtushield/final-datasets/sl-dataset/unsafe-final/random-shots-from-secondlife-part-321-b-v0-72t50n73mgqf1.jpg.png,UNSAFE,UNSAFE,0.7205184698104858,full_system,second_life
/Users/ahooker/Documents/Dissertation/virtushield/final-datasets/sl-dataset/unsafe-final/showing-off-my-new-shape-3-i-cant-stop-messing-with-her-lol-v0-443hcu0wgjpa1.png.png,UNSAFE,UNSAFE,0.8229687809944153,full_system,second_life
/Users/ahooker/Documents/Dissertation/virtushield/final-datasets/sl-dataset/unsafe-final/sooo-i-finally-decided-to-post-a-pic-of-my-avi-here-idk-lol-v0-0cjts16wjx4e1.png.png,UNSAFE,UNSAFE,0.8597168326377869,full_system,second_life
/Users/ahooker/Documents/Dissertation/virtushield/final-datasets/sl-dataset/unsafe-final/spooky-season-v0-ke34q31wvlsf1.jpg.png,UNSAFE,UNSAFE,0.7239624857902527,full_system,second_life
/Users/ahooker/Documents/Dissertation/virtushield/final-datasets/sl-dataset/unsafe-final/spooky-season-v0-p7x1ly0wvlsf1.jpg.png,UNSAFE,UNSAFE,0.5699468851089478,full_system,second_life
/Users/ahooker/Documents/Dissertation/virtushield/final-datasets/sl-dataset/unsafe-final/spooky-season-v0-tcytoy0wvlsf1.jpg.png,UNSAFE,UNSAFE,0.7900371551513672,full_system,second_life
/Users/ahooker/Documents/Dissertation/virtushield/final-datasets/sl-dataset/unsafe-final/timothy-yaya-x-sisters1-2048x1102.jpg,UNSAFE,UNSAFE,0.9777060151100159,full_system,second_life
/Users/ahooker/Documents/Dissertation/virtushield/final-datasets/sl-dataset/unsafe-final/to-those-whom-participate-in-the-adult-side-of-sl-v0-ar6gf4wwezuf1.jpeg.png,UNSAFE,UNSAFE,0.8345780968666077,full_system,second_life
/Users/ahooker/Documents/Dissertation/virtushield/final-datasets/sl-dataset/unsafe-final/unsafe_0.jpg,UNSAFE,UNSAFE,0.7127418518066406,full_system,second_life
/Users/ahooker/Documents/Dissertation/virtushield/final-datasets/sl-dataset/unsafe-final/unsafe_1.jpg,UNSAFE,UNSAFE,0.6609513759613037,full_system,second_life
/Users/ahooker/Documents/Dissertation/virtushield/final-datasets/sl-dataset/unsafe-final/unsafe_2.jpg,UNSAFE,UNSAFE,0.9712466597557068,full_system,second_life
/Users/ahooker/Documents/Dissertation/virtushield/final-datasets/sl-dataset/unsafe-final/unsafe_3.jpg,UNSAFE,UNSAFE,0.9601680636405945,full_system,second_life
/Users/ahooker/Documents/Dissertation/virtushield/final-datasets/sl-dataset/unsafe-final/unsafe_4.jpg,UNSAFE,UNSAFE,0.9531431198120117,full_system,second_life
/Users/ahooker/Documents/Dissertation/virtushield/final-datasets/sl-dataset/unsafe-final/unsafe_5.jpg,UNSAFE,UNSAFE,0.9514710903167725,full_system,second_life
/Users/ahooker/Documents/Dissertation/virtushield/final-datasets/sl-dataset/unsafe-final/unsafe_6-m.png,UNSAFE,UNSAFE,0.8405920267105103,full_system,second_life
/Users/ahooker/Documents/Dissertation/virtushield/final-datasets/sl-dataset/unsafe-final/unsafe_7-m.png,UNSAFE,UNSAFE,0.737450897693634,full_system,second_life
/Users/ahooker/Documents/Dissertation/virtushield/final-datasets/sl-dataset/unsafe-final/vaml3vk0ant41.jpg.png,UNSAFE,UNSAFE,0.7617843151092529,full_system,second_life
/Users/ahooker/Documents/Dissertation/virtushield/final-datasets/sl-dataset/unsafe-final/was-bored-stuff-happened-v0-tilgip36x6tf1.png.png,UNSAFE,UNSAFE,0.6748899221420288,full_system,second_life
/Users/ahooker/Documents/Dissertation/virtushield/final-datasets/sl-dataset/unsafe-final/would-you-adopt-them-v0-jqbyisu05khc1.jpg.png,UNSAFE,UNSAFE,0.7058475017547607,full_system,second_life
/Users/ahooker/Documents/Dissertation/virtushield/final-datasets/sl-dataset/unsafe-final/xwHItD0-aNpzO-myUO_q1FnGOaM1qb4N58u68LQjX7I.jpg.png,UNSAFE,UNSAFE,0.7216804027557373,full_system,second_life
/Users/ahooker/Documents/Dissertation/virtushield/final-datasets/sl-dataset/unsafe-final/yaya-uwe-finca-takeda-neu_01919.png,UNSAFE,UNSAFE,0.9062085747718811,full_system,second_life
/Users/ahooker/Documents/Dissertation/virtushield/final-datasets/sl-dataset/unsafe-final/zhflzcuptpi21.jpg.png,UNSAFE,UNSAFE,0.8966395258903503,full_system,second_life
/Users/ahooker/Documents/Dissertation/virtushield/final-datasets/sl-dataset/safe-final/061006_second_life_hmed.png,SAFE,SAFE,0.2169763296842575,full_system,second_life
/Users/ahooker/Documents/Dissertation/virtushield/final-datasets/sl-dataset/safe-final/070108_secondLife2_hmed_12p.png,SAFE,SAFE,0.12360365688800812,full_system,second_life
/Users/ahooker/Documents/Dissertation/virtushield/final-datasets/sl-dataset/safe-final/0dbbg2bh86mf1.png.png,SAFE,SAFE,0.3440989851951599,full_system,second_life
/Users/ahooker/Documents/Dissertation/virtushield/final-datasets/sl-dataset/safe-final/1-month-in-love-this-place-v0-kn225ctannqf1.jpeg.png,SAFE,SAFE,0.11234573274850845,full_system,second_life
/Users/ahooker/Documents/Dissertation/virtushield/final-datasets/sl-dataset/safe-final/2013-09-30-second-life.jpg.png,SAFE,SAFE,0.3978031575679779,full_system,second_life
/Users/ahooker/Documents/Dissertation/virtushield/final-datasets/sl-dataset/safe-final/2019-classic-starter-avies-3.jpg,SAFE,SAFE,0.055971410125494,full_system,second_life
/Users/ahooker/Documents/Dissertation/virtushield/final-datasets/sl-dataset/safe-final/2019-classic-starter-avies-3__1.jpg,SAFE,SAFE,0.055971410125494,full_system,second_life
/Users/ahooker/Documents/Dissertation/virtushield/final-datasets/sl-dataset/safe-final/25th-birthday-shoot-v0-ker8m3zst6sf1.jpeg.png,SAFE,SAFE,0.3531607687473297,full_system,second_life
/Users/ahooker/Documents/Dissertation/virtushield/final-datasets/sl-dataset/safe-final/3576a1a0-c4c2-11ed-ac77-38b1d4d0493f.jpeg,SAFE,SAFE,0.24202993512153625,full_system,second_life
/Users/ahooker/Documents/Dissertation/virtushield/final-datasets/sl-dataset/safe-final/3576a1a0-c4c2-11ed-ac77-38b1d4d0493f__1.jpeg,SAFE,SAFE,0.24202993512153625,full_system,second_life
/Users/ahooker/Documents/Dissertation/virtushield/final-datasets/sl-dataset/safe-final/51357014888-57a9891039-o.jpg.png,SAFE,SAFE,0.31844210624694824,full_system,second_life
/Users/ahooker/Documents/Dissertation/virtushield/final-datasets/sl-dataset/safe-final/5511cb2d6bb3f7714757ada6.png,SAFE,SAFE,0.3419034481048584,full_system,second_life
/Users/ahooker/Documents/Dissertation/virtushield/final-datasets/sl-dataset/safe-final/620bef0a72200822425065.jpg,SAFE,SAFE,0.1752164363861084,full_system,second_life
/Users/ahooker/Documents/Dissertation/virtushield/final-datasets/sl-dataset/safe-final/620bef0a72200822425065__1.jpg,SAFE,SAFE,0.1752164363861084,full_system,second_life
/Users/ahooker/Documents/Dissertation/virtushield/final-datasets/sl-dataset/safe-final/62a3b937b3bff150f0627662_RemoteMeetingsRedefined-1080 copy.jpg,SAFE,SAFE,0.0948442667722702,full_system,second_life
/Users/ahooker/Documents/Dissertation/virtushield/final-datasets/sl-dataset/safe-final/62a3b937b3bff150f0627662_RemoteMeetingsRedefined-1080 copy__1.jpg,SAFE,SAFE,0.0948442667722702,full_system,second_life
/Users/ahooker/Documents/Dissertation/virtushield/final-datasets/sl-dataset/safe-final/67c1e6577127bc5bb1769651_ForelPalmira-3.jpg,SAFE,SAFE,0.06610268354415894,full_system,second_life
/Users/ahooker/Documents/Dissertation/virtushield/final-datasets/sl-dataset/safe-final/67c1e6577127bc5bb1769651_ForelPalmira-3__1.jpg,SAFE,SAFE,0.06610268354415894,full_system,second_life
/Users/ahooker/Documents/Dissertation/virtushield/final-datasets/sl-dataset/safe-final/Karsten-for-HGB-image-via-Josua-May.jpg,SAFE,SAFE,0.24446551501750946,full_system,second_life
/Users/ahooker/Documents/Dissertation/virtushield/final-datasets/sl-dataset/safe-final/Karsten-for-HGB-image-via-Josua-May__1.jpg,SAFE,SAFE,0.24446551501750946,full_system,second_life
/Users/ahooker/Documents/Dissertation/virtushield/final-datasets/sl-dataset/safe-final/Main-image-11_61e136d9646d4.jpg.png,SAFE,UNSAFE,0.7202913761138916,full_system,second_life
/Users/ahooker/Documents/Dissertation/virtushield/final-datasets/sl-dataset/safe-final/Male_avatar_from_Second_Life_Desert_Wilderness.png,SAFE,SAFE,0.12021411210298538,full_system,second_life
/Users/ahooker/Documents/Dissertation/virtushield/final-datasets/sl-dataset/safe-final/Male_avatar_from_Second_Life_Desert_Wilderness__1.png,SAFE,SAFE,0.12021411210298538,full_system,second_life
/Users/ahooker/Documents/Dissertation/virtushield/final-datasets/sl-dataset/safe-final/Second-Life-1068x580.png,SAFE,SAFE,0.2653268575668335,full_system,second_life
/Users/ahooker/Documents/Dissertation/virtushield/final-datasets/sl-dataset/safe-final/Second-Life-1068x5808.png,SAFE,SAFE,0.2653268575668335,full_system,second_life
/Users/ahooker/Documents/Dissertation/virtushield/final-datasets/sl-dataset/safe-final/Second-Life-1068x5808__1.png,SAFE,SAFE,0.2653268575668335,full_system,second_life
/Users/ahooker/Documents/Dissertation/virtushield/final-datasets/sl-dataset/safe-final/Second-Life-1068x580__1.png,SAFE,SAFE,0.2653268575668335,full_system,second_life
/Users/ahooker/Documents/Dissertation/virtushield/final-datasets/sl-dataset/safe-final/Second_Life_20_anos.jpg.png,SAFE,SAFE,0.1573357731103897,full_system,second_life
/Users/ahooker/Documents/Dissertation/virtushield/final-datasets/sl-dataset/safe-final/Unknown.jpeg,SAFE,SAFE,0.1145169734954834,full_system,second_life
/Users/ahooker/Documents/Dissertation/virtushield/final-datasets/sl-dataset/safe-final/Unknown__1.jpeg,SAFE,SAFE,0.1145169734954834,full_system,second_life
/Users/ahooker/Documents/Dissertation/virtushield/final-datasets/sl-dataset/safe-final/a-little-location-showcase-from-my-travels-v0-h7u64boqq7qf1.png.png,SAFE,SAFE,0.3370760381221771,full_system,second_life
/Users/ahooker/Documents/Dissertation/virtushield/final-datasets/sl-dataset/safe-final/a-wooden-doll-comes-to-life-v0-61zoptf1hsyf1.jpg.png,SAFE,SAFE,0.3090302348136902,full_system,second_life
/Users/ahooker/Documents/Dissertation/virtushield/final-datasets/sl-dataset/safe-final/a-wooden-doll-comes-to-life-v0-61zoptf1hsyf1.jpg__1.png,SAFE,SAFE,0.3090302348136902,full_system,second_life
/Users/ahooker/Documents/Dissertation/virtushield/final-datasets/sl-dataset/safe-final/a-wooden-doll-comes-to-life-v0-awdxquf1hsyf1.jpg.png,SAFE,SAFE,0.26660704612731934,full_system,second_life
/Users/ahooker/Documents/Dissertation/virtushield/final-datasets/sl-dataset/safe-final/a-wooden-doll-comes-to-life-v0-awdxquf1hsyf1.jpg__1.png,SAFE,UNSAFE,0.5626708269119263,full_system,second_life
/Users/ahooker/Documents/Dissertation/virtushield/final-datasets/sl-dataset/safe-final/a-wooden-doll-comes-to-life-v0-n3mb3rf1hsyf1.jpg.png,SAFE,SAFE,0.32583680748939514,full_system,second_life
/Users/ahooker/Documents/Dissertation/virtushield/final-datasets/sl-dataset/safe-final/a-wooden-doll-comes-to-life-v0-n3mb3rf1hsyf1.jpg__1.png,SAFE,SAFE,0.32583680748939514,full_system,second_life
/Users/ahooker/Documents/Dissertation/virtushield/final-datasets/sl-dataset/safe-final/a-wooden-doll-comes-to-life-v0-ykq2ptf1hsyf1.jpg.png,SAFE,SAFE,0.3214339315891266,full_system,second_life
/Users/ahooker/Documents/Dissertation/virtushield/final-datasets/sl-dataset/safe-final/a-wooden-doll-comes-to-life-v0-ykq2ptf1hsyf1.jpg__1.png,SAFE,UNSAFE,0.712819516658783,full_system,second_life
/Users/ahooker/Documents/Dissertation/virtushield/final-datasets/sl-dataset/safe-final/an-image-from-my-photoshoot-v0-a9tp7owwoinf1.jpg.png,SAFE,SAFE,0.22677628695964813,full_system,second_life
/Users/ahooker/Documents/Dissertation/virtushield/final-datasets/sl-dataset/safe-final/an-image-from-my-photoshoot-v0-v5xt5mwwoinf1.jpg.png,SAFE,SAFE,0.27131542563438416,full_system,second_life
/Users/ahooker/Documents/Dissertation/virtushield/final-datasets/sl-dataset/safe-final/and-another-galaxy-alien-look-v0-3j7c19pudzrf1.png.png,SAFE,SAFE,0.10230261087417603,full_system,second_life
/Users/ahooker/Documents/Dissertation/virtushield/final-datasets/sl-dataset/safe-final/any-advice-new-to-male-avis-v0-kd4iw6s77vxf1.png.png,SAFE,SAFE,0.0762614980340004,full_system,second_life
/Users/ahooker/Documents/Dissertation/virtushield/final-datasets/sl-dataset/safe-final/blood-haunt-v0-h3aavyahxjsf1.png.png,SAFE,UNSAFE,0.7685640454292297,full_system,second_life
/Users/ahooker/Documents/Dissertation/virtushield/final-datasets/sl-dataset/safe-final/blood-haunt-v0-kw916d6mxjsf1.png.png,SAFE,SAFE,0.33600929379463196,full_system,second_life
/Users/ahooker/Documents/Dissertation/virtushield/final-datasets/sl-dataset/safe-final/blood-haunt-v0-qii7epzhxjsf1.png.png,SAFE,UNSAFE,0.7704289555549622,full_system,second_life
/Users/ahooker/Documents/Dissertation/virtushield/final-datasets/sl-dataset/safe-final/c16aokyg86mf1.png.png,SAFE,SAFE,0.21838276088237762,full_system,second_life
/Users/ahooker/Documents/Dissertation/virtushield/final-datasets/sl-dataset/safe-final/chinese-autumn-delight-v0-ihyxe9e592uf1.jpeg.png,SAFE,SAFE,0.26158690452575684,full_system,second_life
/Users/ahooker/Documents/Dissertation/virtushield/final-datasets/sl-dataset/safe-final/coffins-tidings-v0-eujbfro9uqvf1.png.png,SAFE,SAFE,0.13637326657772064,full_system,second_life
/Users/ahooker/Documents/Dissertation/virtushield/final-datasets/sl-dataset/safe-final/coffins-tidings-v0-q5io9ri7uqvf1.png.png,SAFE,SAFE,0.30730360746383667,full_system,second_life
/Users/ahooker/Documents/Dissertation/virtushield/final-datasets/sl-dataset/safe-final/coffins-tidings-v0-rcfmwti8uqvf1.png.png,SAFE,SAFE,0.1560385823249817,full_system,second_life
/Users/ahooker/Documents/Dissertation/virtushield/final-datasets/sl-dataset/safe-final/current-aesthetic-v0-b55im2qjewxf1.jpg.png,SAFE,SAFE,0.2695666551589966,full_system,second_life
/Users/ahooker/Documents/Dissertation/virtushield/final-datasets/sl-dataset/safe-final/current-aesthetic-v0-dmlwt1qjewxf1.jpg.png,SAFE,SAFE,0.2891544699668884,full_system,second_life
/Users/ahooker/Documents/Dissertation/virtushield/final-datasets/sl-dataset/safe-final/dark-abstractions-at-salient-contemporary-art-gallery-v0-fk2rnztvalmf1.jpeg.png,SAFE,SAFE,0.06504596024751663,full_system,second_life
/Users/ahooker/Documents/Dissertation/virtushield/final-datasets/sl-dataset/safe-final/dewdrop-magic-distinctive-original-style-v0-4lzo31xa72uf1.jpg.png,SAFE,SAFE,0.17743752896785736,full_system,second_life
/Users/ahooker/Documents/Dissertation/virtushield/final-datasets/sl-dataset/safe-final/dewdrop-magic-distinctive-original-style-v0-w9fjt2xa72uf1.jpg.png,SAFE,SAFE,0.27523016929626465,full_system,second_life
/Users/ahooker/Documents/Dissertation/virtushield/final-datasets/sl-dataset/safe-final/do-they-already-look-alike-or-is-there-something-i-need-to-v0-c8ecegh13hwf1.jpg.png,SAFE,SAFE,0.24082353711128235,full_system,second_life
/Users/ahooker/Documents/Dissertation/virtushield/final-datasets/sl-dataset/safe-final/do-they-already-look-alike-or-is-there-something-i-need-to-v0-z8guufh13hwf1.jpg.png,SAFE,UNSAFE,0.5553184151649475,full_system,second_life
/Users/ahooker/Documents/Dissertation/virtushield/final-datasets/sl-dataset/safe-final/everyone-loves-mario-v0-fgq8n91w53wf1.jpg.png,SAFE,SAFE,0.3329556882381439,full_system,second_life
/Users/ahooker/Documents/Dissertation/virtushield/final-datasets/sl-dataset/safe-final/feeling-blue-its-ok-if-youre-a-smurf-v0-1dmw2iijxlvf1.jpg.png,SAFE,SAFE,0.08092068135738373,full_system,second_life
/Users/ahooker/Documents/Dissertation/virtushield/final-datasets/sl-dataset/safe-final/feeling-blue-its-ok-if-youre-a-smurf-v0-c38trhgjxlvf1.jpg.png,SAFE,SAFE,0.1535699963569641,full_system,second_life
/Users/ahooker/Documents/Dissertation/virtushield/final-datasets/sl-dataset/safe-final/fit-check-v0-ycxb2vgq98qf1.png.png,SAFE,SAFE,0.303387850522995,full_system,second_life
/Users/ahooker/Documents/Dissertation/virtushield/final-datasets/sl-dataset/safe-final/giant-akhlut-v0-jpycj5gbhkvf1.png.png,SAFE,SAFE,0.3967275619506836,full_system,second_life
/Users/ahooker/Documents/Dissertation/virtushield/final-datasets/sl-dataset/safe-final/goth-doll-gf-v0-k8dvgfegw5rf1.png.png,SAFE,SAFE,0.07954344898462296,full_system,second_life
/Users/ahooker/Documents/Dissertation/virtushield/final-datasets/sl-dataset/safe-final/grave-haunter-v0-f15fw58wzlqf1.png.png,SAFE,SAFE,0.15542693436145782,full_system,second_life
/Users/ahooker/Documents/Dissertation/virtushield/final-datasets/sl-dataset/safe-final/grave-haunter-v0-i6yqaeutzlqf1.png.png,SAFE,SAFE,0.16456419229507446,full_system,second_life
/Users/ahooker/Documents/Dissertation/virtushield/final-datasets/sl-dataset/safe-final/grave-haunter-v0-l4jfywmwzlqf1.png.png,SAFE,SAFE,0.03126653656363487,full_system,second_life
/Users/ahooker/Documents/Dissertation/virtushield/final-datasets/sl-dataset/safe-final/grave-haunter-v0-pp8qu1uszlqf1.png.png,SAFE,SAFE,0.12383545190095901,full_system,second_life
/Users/ahooker/Documents/Dissertation/virtushield/final-datasets/sl-dataset/safe-final/grave-haunter-v0-yjy5nrtxzlqf1.png.png,SAFE,SAFE,0.1572902500629425,full_system,second_life
/Users/ahooker/Documents/Dissertation/virtushield/final-datasets/sl-dataset/safe-final/green-alien-girly-this-time-v0-dh8oqmqop0sf1.png.png,SAFE,SAFE,0.09162914752960205,full_system,second_life
/Users/ahooker/Documents/Dissertation/virtushield/final-datasets/sl-dataset/safe-final/green-alien-girly-this-time-v0-eu9ysn5mp0sf1.png.png,SAFE,SAFE,0.23442478477954865,full_system,second_life
/Users/ahooker/Documents/Dissertation/virtushield/final-datasets/sl-dataset/safe-final/green-alien-girly-this-time-v0-pojjwpwmp0sf1.png.png,SAFE,SAFE,0.254386305809021,full_system,second_life
/Users/ahooker/Documents/Dissertation/virtushield/final-datasets/sl-dataset/safe-final/help-to-find-this-outfit-v0-vanh4mz35kyf1.jpeg.png,SAFE,SAFE,0.1396452933549881,full_system,second_life
/Users/ahooker/Documents/Dissertation/virtushield/final-datasets/sl-dataset/safe-final/how-exciting-v0-bfkjhlrmr2nf1.png.png,SAFE,SAFE,0.3766307234764099,full_system,second_life
/Users/ahooker/Documents/Dissertation/virtushield/final-datasets/sl-dataset/safe-final/how-exciting-v0-bfkjhlrmr2nf1.png__1.png,SAFE,SAFE,0.3766307234764099,full_system,second_life
/Users/ahooker/Documents/Dissertation/virtushield/final-datasets/sl-dataset/safe-final/i-am-done-with-aliens-vampire-now-v0-2zahhbkl44of1.png.png,SAFE,SAFE,0.34307861328125,full_system,second_life
/Users/ahooker/Documents/Dissertation/virtushield/final-datasets/sl-dataset/safe-final/i-am-done-with-aliens-vampire-now-v0-ojzzntbl44of1.png.png,SAFE,UNSAFE,0.7043508887290955,full_system,second_life
/Users/ahooker/Documents/Dissertation/virtushield/final-datasets/sl-dataset/safe-final/i-call-him-fatpack-and-love-him-v0-aqgmmleys8uf1.jpg.png,SAFE,SAFE,0.35868290066719055,full_system,second_life
/Users/ahooker/Documents/Dissertation/virtushield/final-datasets/sl-dataset/safe-final/i-call-him-fatpack-and-love-him-v0-g853rkeys8uf1.jpg.png,SAFE,SAFE,0.3528369665145874,full_system,second_life
/Users/ahooker/Documents/Dissertation/virtushield/final-datasets/sl-dataset/safe-final/i-created-tzuyu-from-twice-what-do-you-guys-think-v0-9vh65vfpyuwf1.jpg.png,SAFE,SAFE,0.315400630235672,full_system,second_life
/Users/ahooker/Documents/Dissertation/virtushield/final-datasets/sl-dataset/safe-final/i-just-became-a-raggedy-ken-doll-v0-mmi1si50kivf1.jpg.png,SAFE,SAFE,0.33576589822769165,full_system,second_life
/Users/ahooker/Documents/Dissertation/virtushield/final-datasets/sl-dataset/safe-final/i-love-building-so-much-v0-zabgjwb43ctf1.png.png,SAFE,SAFE,0.2992671728134155,full_system,second_life
/Users/ahooker/Documents/Dissertation/virtushield/final-datasets/sl-dataset/safe-final/im-satisfied-with-it-v0-jjo2c7us0hsf1.png.png,SAFE,SAFE,0.1798471361398697,full_system,second_life
/Users/ahooker/Documents/Dissertation/virtushield/final-datasets/sl-dataset/safe-final/image5.png,SAFE,SAFE,0.26522690057754517,full_system,second_life
/Users/ahooker/Documents/Dissertation/virtushield/final-datasets/sl-dataset/safe-final/in-my-business-v0-d40iedkb7anf1.png.png,SAFE,SAFE,0.22023499011993408,full_system,second_life
/Users/ahooker/Documents/Dissertation/virtushield/final-datasets/sl-dataset/safe-final/in-my-business-v0-mwzx0e0c7anf1.png.png,SAFE,SAFE,0.2573508620262146,full_system,second_life
/Users/ahooker/Documents/Dissertation/virtushield/final-datasets/sl-dataset/safe-final/in-my-business-v0-shbhogsb7anf1.png.png,SAFE,SAFE,0.14213186502456665,full_system,second_life
/Users/ahooker/Documents/Dissertation/virtushield/final-datasets/sl-dataset/safe-final/just-got-a-makeover-thoughts-v0-57ov89p7dkvf1.jpg.png,SAFE,SAFE,0.3354622423648834,full_system,second_life
/Users/ahooker/Documents/Dissertation/virtushield/final-datasets/sl-dataset/safe-final/just-wanna-show-off-my-current-look-and-looking-for-v0-91ccqplgj4vf1.jpeg.png,SAFE,SAFE,0.11392378062009811,full_system,second_life
/Users/ahooker/Documents/Dissertation/virtushield/final-datasets/sl-dataset/safe-final/linden1.jpg,SAFE,SAFE,0.3103869557380676,full_system,second_life
/Users/ahooker/Documents/Dissertation/virtushield/final-datasets/sl-dataset/safe-final/linden1__1.jpg,SAFE,SAFE,0.2519775331020355,full_system,second_life
/Users/ahooker/Documents/Dissertation/virtushield/final-datasets/sl-dataset/safe-final/looking-for-friends-around-my-age-20s-v0-c3l0674xvjsf1.jpg.png,SAFE,SAFE,0.10054004937410355,full_system,second_life
/Users/ahooker/Documents/Dissertation/virtushield/final-datasets/sl-dataset/safe-final/looking-for-friends-around-my-age-20s-v0-u0ijv64xvjsf1.jpg.png,SAFE,SAFE,0.18959669768810272,full_system,second_life
/Users/ahooker/Documents/Dissertation/virtushield/final-datasets/sl-dataset/safe-final/macabre-carnival-halloween-spirit-post-v0-a0mnwgc1zjxf1.png.png,SAFE,SAFE,0.08835568279027939,full_system,second_life
/Users/ahooker/Documents/Dissertation/virtushield/final-datasets/sl-dataset/safe-final/made-a-snakey-v0-syc4hx4srtuf1.png.png,SAFE,SAFE,0.36770015954971313,full_system,second_life
/Users/ahooker/Documents/Dissertation/virtushield/final-datasets/sl-dataset/safe-final/maxresdefault.jpg,SAFE,SAFE,0.28681647777557373,full_system,second_life
/Users/ahooker/Documents/Dissertation/virtushield/final-datasets/sl-dataset/safe-final/maxresdefault__1.jpg,SAFE,SAFE,0.28681647777557373,full_system,second_life
/Users/ahooker/Documents/Dissertation/virtushield/final-datasets/sl-dataset/safe-final/movie-updated-to-cabin-in-the-woods-enjoy-v0-5vhlup8ylpsf1.png.png,SAFE,SAFE,0.20187899470329285,full_system,second_life
/Users/ahooker/Documents/Dissertation/virtushield/final-datasets/sl-dataset/safe-final/my-avi-so-far-v0-r4g6b12uemuf1.png.png,SAFE,SAFE,0.13404804468154907,full_system,second_life
/Users/ahooker/Documents/Dissertation/virtushield/final-datasets/sl-dataset/safe-final/my-half-orc-v0-rm8hgrd8m1of1.jpg.png,SAFE,SAFE,0.21108439564704895,full_system,second_life
/Users/ahooker/Documents/Dissertation/virtushield/final-datasets/sl-dataset/safe-final/my-half-orc-v0-t2cbcsr4m1of1.jpg.png,SAFE,UNSAFE,0.5985702872276306,full_system,second_life
/Users/ahooker/Documents/Dissertation/virtushield/final-datasets/sl-dataset/safe-final/my-half-orc-v0-vorz73d5m1of1.jpg.png,SAFE,SAFE,0.3240072429180145,full_system,second_life
/Users/ahooker/Documents/Dissertation/virtushield/final-datasets/sl-dataset/safe-final/my-project-to-upgrade-to-mesh-tuned-me-into-bill-murray-v0-p6uh9sfkz7qf1.jpeg.png,SAFE,SAFE,0.13354097306728363,full_system,second_life
/Users/ahooker/Documents/Dissertation/virtushield/final-datasets/sl-dataset/safe-final/need-help-with-tattoos-v0-48g032ig3aof1.jpeg.png,SAFE,SAFE,0.11912845075130463,full_system,second_life
/Users/ahooker/Documents/Dissertation/virtushield/final-datasets/sl-dataset/safe-final/new-avatar-help-v0-irzcngvxx4sf1.jpg.png,SAFE,SAFE,0.27427926659584045,full_system,second_life
/Users/ahooker/Documents/Dissertation/virtushield/final-datasets/sl-dataset/safe-final/new-avatar-help-v0-xwajegvxx4sf1.jpg.png,SAFE,SAFE,0.27288317680358887,full_system,second_life
/Users/ahooker/Documents/Dissertation/virtushield/final-datasets/sl-dataset/safe-final/o88nbftlouyf1.png.png,SAFE,SAFE,0.3533790409564972,full_system,second_life
/Users/ahooker/Documents/Dissertation/virtushield/final-datasets/sl-dataset/safe-final/ofrenda-nocturna-is-now-open-v0-wdhmo80qh2sf1.jpeg.png,SAFE,SAFE,0.19562320411205292,full_system,second_life
/Users/ahooker/Documents/Dissertation/virtushield/final-datasets/sl-dataset/safe-final/ok-hair-again-v0-xmdtmxsd0pnf1.jpeg.png,SAFE,SAFE,0.09825358539819717,full_system,second_life
/Users/ahooker/Documents/Dissertation/virtushield/final-datasets/sl-dataset/safe-final/one-of-my-best-looks-yet-v0-3n1zua9v0gqf1.png.png,SAFE,SAFE,0.12053339928388596,full_system,second_life
/Users/ahooker/Documents/Dissertation/virtushield/final-datasets/sl-dataset/safe-final/one-of-my-best-looks-yet-v0-4djsaauv0gqf1.png.png,SAFE,SAFE,0.26901566982269287,full_system,second_life
/Users/ahooker/Documents/Dissertation/virtushield/final-datasets/sl-dataset/safe-final/one-of-my-best-looks-yet-v0-hyny3z0u0gqf1.png.png,SAFE,SAFE,0.1474110633134842,full_system,second_life
/Users/ahooker/Documents/Dissertation/virtushield/final-datasets/sl-dataset/safe-final/one-of-my-best-looks-yet-v0-s6qz2lcs0gqf1.png.png,SAFE,SAFE,0.073209747672081,full_system,second_life
/Users/ahooker/Documents/Dissertation/virtushield/final-datasets/sl-dataset/safe-final/one-of-my-best-looks-yet-v0-t8utvukr0gqf1.png.png,SAFE,SAFE,0.0856444388628006,full_system,second_life
/Users/ahooker/Documents/Dissertation/virtushield/final-datasets/sl-dataset/safe-final/one-of-my-best-looks-yet-v0-xtv47jdz0gqf1.png.png,SAFE,SAFE,0.08632197976112366,full_system,second_life
/Users/ahooker/Documents/Dissertation/virtushield/final-datasets/sl-dataset/safe-final/origin.jpg,SAFE,SAFE,0.39628005027770996,full_system,second_life
/Users/ahooker/Documents/Dissertation/virtushield/final-datasets/sl-dataset/safe-final/origin__1.jpg,SAFE,UNSAFE,0.6579207181930542,full_system,second_life
/Users/ahooker/Documents/Dissertation/virtushield/final-datasets/sl-dataset/safe-final/plant-girly-v0-mspleiisjlpf1.png.png,SAFE,SAFE,0.06291009485721588,full_system,second_life
/Users/ahooker/Documents/Dissertation/virtushield/final-datasets/sl-dataset/safe-final/playing-with-fire-v0-i6voka0ayqpf1.png.png,SAFE,SAFE,0.07232818752527237,full_system,second_life
/Users/ahooker/Documents/Dissertation/virtushield/final-datasets/sl-dataset/safe-final/playing-with-shadows-v0-mzlyfr402kmf1.jpeg.png,SAFE,SAFE,0.04891054704785347,full_system,second_life
/Users/ahooker/Documents/Dissertation/virtushield/final-datasets/sl-dataset/safe-final/pumpkin-time-v0-f2ntmgkivqvf1.png.png,SAFE,SAFE,0.35565251111984253,full_system,second_life
/Users/ahooker/Documents/Dissertation/virtushield/final-datasets/sl-dataset/safe-final/random-shots-from-secondlife-part-321-b-v0-u3k9pumylgqf1.jpg.png,SAFE,SAFE,0.03558528795838356,full_system,second_life
/Users/ahooker/Documents/Dissertation/virtushield/final-datasets/sl-dataset/safe-final/ready-for-galactic-night-v0-mzrhxcimwjsf1.jpeg.png,SAFE,SAFE,0.2567988932132721,full_system,second_life
/Users/ahooker/Documents/Dissertation/virtushield/final-datasets/sl-dataset/safe-final/realistic-flame-lighting-v0-n9x4kmepxasf1.png.png,SAFE,SAFE,0.21701811254024506,full_system,second_life
/Users/ahooker/Documents/Dissertation/virtushield/final-datasets/sl-dataset/safe-final/recommendations-for-d2-cars-v0-eq7i6d0x73of1.png.png,SAFE,SAFE,0.3877428472042084,full_system,second_life
/Users/ahooker/Documents/Dissertation/virtushield/final-datasets/sl-dataset/safe-final/second-life-_sl1.fit_lim.size_1050x.jpg,SAFE,SAFE,0.37283071875572205,full_system,second_life
/Users/ahooker/Documents/Dissertation/virtushield/final-datasets/sl-dataset/safe-final/second-life-_sl1.fit_lim.size_1050x__1.jpg,SAFE,SAFE,0.37283071875572205,full_system,second_life
/Users/ahooker/Documents/Dissertation/virtushield/final-datasets/sl-dataset/safe-final/second-life-a-computer-grab-from-the-virtual-world-second-life-B2DTY6.jpg,SAFE,SAFE,0.1584864854812622,full_system,second_life
/Users/ahooker/Documents/Dissertation/virtushield/final-datasets/sl-dataset/safe-final/second-life-a-computer-grab-from-the-virtual-world-second-life-B2DTY6__1.jpg,SAFE,SAFE,0.1584864854812622,full_system,second_life
/Users/ahooker/Documents/Dissertation/virtushield/final-datasets/sl-dataset/safe-final/second-life-hero-club.jpg,SAFE,SAFE,0.39901551604270935,full_system,second_life
/Users/ahooker/Documents/Dissertation/virtushield/final-datasets/sl-dataset/safe-final/second-life-hero-club__1.jpg,SAFE,SAFE,0.39901551604270935,full_system,second_life
/Users/ahooker/Documents/Dissertation/virtushield/final-datasets/sl-dataset/safe-final/secondlife-isolamento-social.png,SAFE,SAFE,0.1390167474746704,full_system,second_life
/Users/ahooker/Documents/Dissertation/virtushield/final-datasets/sl-dataset/safe-final/secondlife-isolamento-social__1.png,SAFE,SAFE,0.1390167474746704,full_system,second_life
/Users/ahooker/Documents/Dissertation/virtushield/final-datasets/sl-dataset/safe-final/secondlife.jpg,SAFE,SAFE,0.3006541430950165,full_system,second_life
/Users/ahooker/Documents/Dissertation/virtushield/final-datasets/sl-dataset/safe-final/secondlife_040803_03-520121.jpg,SAFE,SAFE,0.059198565781116486,full_system,second_life
/Users/ahooker/Documents/Dissertation/virtushield/final-datasets/sl-dataset/safe-final/secondlife_040803_03-520121__1.jpg,SAFE,SAFE,0.059198565781116486,full_system,second_life
/Users/ahooker/Documents/Dissertation/virtushield/final-datasets/sl-dataset/safe-final/secondlife__1.jpg,SAFE,SAFE,0.3006541430950165,full_system,second_life
/Users/ahooker/Documents/Dissertation/virtushield/final-datasets/sl-dataset/safe-final/sexy-human-in-playland-v0-aw4etzint8uf1.jpg.png,SAFE,SAFE,0.389076292514801,full_system,second_life
/Users/ahooker/Documents/Dissertation/virtushield/final-datasets/sl-dataset/safe-final/sexy-human-in-playland-v0-i3o1xcgnt8uf1.jpg.png,SAFE,SAFE,0.0866299569606781,full_system,second_life
/Users/ahooker/Documents/Dissertation/virtushield/final-datasets/sl-dataset/safe-final/someone-recognize-this-tattoo-v0-sqbr9ej0szvf1.jpeg.png,SAFE,SAFE,0.09375057369470596,full_system,second_life
/Users/ahooker/Documents/Dissertation/virtushield/final-datasets/sl-dataset/safe-final/spooky-season-has-begun-v0-5cr81kpwz6tf1.png.png,SAFE,SAFE,0.1867198944091797,full_system,second_life
/Users/ahooker/Documents/Dissertation/virtushield/final-datasets/sl-dataset/safe-final/spooky-season-has-begun-v0-cr4rwiowz6tf1.png.png,SAFE,SAFE,0.1547214388847351,full_system,second_life
/Users/ahooker/Documents/Dissertation/virtushield/final-datasets/sl-dataset/safe-final/spooky-season-has-begun-v0-seti4wmwz6tf1.png.png,SAFE,SAFE,0.41691118478775024,full_system,second_life
/Users/ahooker/Documents/Dissertation/virtushield/final-datasets/sl-dataset/safe-final/spooky-season-has-begun-v0-wdc6lzqwz6tf1.png.png,SAFE,SAFE,0.21485638618469238,full_system,second_life
/Users/ahooker/Documents/Dissertation/virtushield/final-datasets/sl-dataset/safe-final/tefnut-goddess-of-water-v0-iodre074sfyf1.jpg.png,SAFE,SAFE,0.37547242641448975,full_system,second_life
/Users/ahooker/Documents/Dissertation/virtushield/final-datasets/sl-dataset/safe-final/tefnut-goddess-of-water-v0-x46e7rl3sfyf1.jpg.png,SAFE,SAFE,0.23079243302345276,full_system,second_life
/Users/ahooker/Documents/Dissertation/virtushield/final-datasets/sl-dataset/safe-final/thanks-for-the-advice-follow-up-v0-5hy5gjbbq3yf1.png.png,SAFE,SAFE,0.24182741343975067,full_system,second_life
/Users/ahooker/Documents/Dissertation/virtushield/final-datasets/sl-dataset/safe-final/thanks-for-the-advice-follow-up-v0-5r73w05cq3yf1.png.png,SAFE,SAFE,0.1396365761756897,full_system,second_life
/Users/ahooker/Documents/Dissertation/virtushield/final-datasets/sl-dataset/safe-final/that-will-happen-yo-v0-yythrpbakdrf1.png.png,SAFE,SAFE,0.37939366698265076,full_system,second_life
/Users/ahooker/Documents/Dissertation/virtushield/final-datasets/sl-dataset/safe-final/the-light-of-eärendil-v0-28m8t25ei8rf1.jpg.png,SAFE,SAFE,0.14838840067386627,full_system,second_life
/Users/ahooker/Documents/Dissertation/virtushield/final-datasets/sl-dataset/safe-final/the-light-of-eärendil-v0-icnya6pfi8rf1.jpg.png,SAFE,SAFE,0.2024410516023636,full_system,second_life
/Users/ahooker/Documents/Dissertation/virtushield/final-datasets/sl-dataset/safe-final/the-light-of-eärendil-v0-pjc390pfi8rf1.jpg.png,SAFE,SAFE,0.24579820036888123,full_system,second_life
/Users/ahooker/Documents/Dissertation/virtushield/final-datasets/sl-dataset/safe-final/the-light-of-eärendil-v0-tkp8m3pfi8rf1.jpg.png,SAFE,SAFE,0.3060245215892792,full_system,second_life
/Users/ahooker/Documents/Dissertation/virtushield/final-datasets/sl-dataset/safe-final/the-season-to-be-classy-and-elegant-vamp-style-v0-biaztmiwadxf1.jpg.png,SAFE,SAFE,0.08249355852603912,full_system,second_life
/Users/ahooker/Documents/Dissertation/virtushield/final-datasets/sl-dataset/safe-final/the-season-to-be-classy-and-elegant-vamp-style-v0-tq4lxniwadxf1.jpg.png,SAFE,SAFE,0.06166849657893181,full_system,second_life
/Users/ahooker/Documents/Dissertation/virtushield/final-datasets/sl-dataset/safe-final/tips-for-taking-pics-and-where-to-meet-friends-v0-buxdtcciu8zf1.jpg.png,SAFE,SAFE,0.23855136334896088,full_system,second_life
/Users/ahooker/Documents/Dissertation/virtushield/final-datasets/sl-dataset/safe-final/tips-for-taking-pics-and-where-to-meet-friends-v0-buxdtcciu8zf1.jpg__1.png,SAFE,SAFE,0.2795059084892273,full_system,second_life
/Users/ahooker/Documents/Dissertation/virtushield/final-datasets/sl-dataset/safe-final/tips-for-taking-pics-and-where-to-meet-friends-v0-r4k6scciu8zf1.png.png,SAFE,SAFE,0.3062826097011566,full_system,second_life
/Users/ahooker/Documents/Dissertation/virtushield/final-datasets/sl-dataset/safe-final/tips-for-taking-pics-and-where-to-meet-friends-v0-r4k6scciu8zf1.png__1.png,SAFE,SAFE,0.3062826097011566,full_system,second_life
/Users/ahooker/Documents/Dissertation/virtushield/final-datasets/sl-dataset/safe-final/uncertainty-in-the-midst-of-grief-a-selection-of-charcoal-v0-6efmca9obazf1.jpeg.png,SAFE,SAFE,0.24592764675617218,full_system,second_life
/Users/ahooker/Documents/Dissertation/virtushield/final-datasets/sl-dataset/safe-final/uncertainty-in-the-midst-of-grief-a-selection-of-charcoal-v0-6efmca9obazf1.jpeg__1.png,SAFE,SAFE,0.24592764675617218,full_system,second_life
/Users/ahooker/Documents/Dissertation/virtushield/final-datasets/sl-dataset/safe-final/visiting-some-friends-with-a-sophisticated-flair-v0-78h0982g9mmf1.jpeg.png,SAFE,SAFE,0.0882064551115036,full_system,second_life
/Users/ahooker/Documents/Dissertation/virtushield/final-datasets/sl-dataset/safe-final/what-do-you-think-of-my-latest-fit-v0-r810heyq8ypf1.png.png,SAFE,SAFE,0.187164306640625,full_system,second_life
/Users/ahooker/Documents/Dissertation/virtushield/final-datasets/sl-dataset/safe-final/when-slav-is-best-and-the-best-is-slav-v0-4j2zj51407yf1.jpg.png,SAFE,SAFE,0.10539095103740692,full_system,second_life
/Users/ahooker/Documents/Dissertation/virtushield/final-datasets/sl-dataset/safe-final/when-slav-is-best-and-the-best-is-slav-v0-8z8bz30407yf1.jpg.png,SAFE,SAFE,0.13418050110340118,full_system,second_life
/Users/ahooker/Documents/Dissertation/virtushield/final-datasets/sl-dataset/safe-final/witch-hunter-v0-cqzg9vir31yf1.jpg.png,SAFE,SAFE,0.13582627475261688,full_system,second_life
/Users/ahooker/Documents/Dissertation/virtushield/final-datasets/sl-dataset/safe-final/witch-hunter-v0-jwqefzgr31yf1.jpg.png,SAFE,SAFE,0.11241783946752548,full_system,second_life
/Users/ahooker/Documents/Dissertation/virtushield/final-datasets/sl-dataset/safe-final/working-on-my-avi-v0-0wzflv9ca6uf1.jpg.png,SAFE,SAFE,0.3250793218612671,full_system,second_life
/Users/ahooker/Documents/Dissertation/virtushield/final-datasets/sl-dataset/safe-final/working-on-my-avi-v0-77ptuv9ca6uf1.jpg.png,SAFE,UNSAFE,0.506371259689331,full_system,second_life
/Users/ahooker/Documents/Dissertation/virtushield/final-datasets/sl-dataset/safe-final/working-on-my-avi-v0-jzj9jv9ca6uf1.jpg.png,SAFE,SAFE,0.33729395270347595,full_system,second_life
/Users/ahooker/Documents/Dissertation/virtushield/final-datasets/sl-dataset/safe-final/working-on-my-avi-v0-owlnuhnmzytf1.jpeg.png,SAFE,SAFE,0.11900641024112701,full_system,second_life
/Users/ahooker/Documents/Dissertation/virtushield/final-datasets/sl-dataset/safe-final/working-on-my-avi-v0-vvlb1v9ca6uf1.jpg.png,SAFE,SAFE,0.18180647492408752,full_system,second_life
/Users/ahooker/Documents/Dissertation/virtushield/final-datasets/sl-dataset/safe-final/would-you-cut-my-wires-v0-c0ujevdpjkwf1.png.png,SAFE,SAFE,0.24949651956558228,full_system,second_life
/Users/ahooker/Documents/Dissertation/virtushield/final-datasets/sl-dataset/safe-final/yay-my-latest-outfit-v0-p1fag4vn34sf1.jpeg.png,SAFE,SAFE,0.36630719900131226,full_system,second_life
/Users/ahooker/Documents/Dissertation/virtushield/final-datasets/sl-dataset/safe-final/ziggy-ziggy-v0-4qxijfyx5gvf1.png.png,SAFE,SAFE,0.27940088510513306,full_system,second_life
/Users/ahooker/Documents/Dissertation/virtushield/final-datasets/sl-dataset/safe-final/ziggy-ziggy-v0-8a2r28vx5gvf1.png.png,SAFE,SAFE,0.2982338070869446,full_system,second_life
/Users/ahooker/Documents/Dissertation/virtushield/final-datasets/sl-dataset/safe-final/ziggy-ziggy-v0-8b8jyowx5gvf1.png.png,SAFE,SAFE,0.3204241394996643,full_system,second_life
/Users/ahooker/Documents/Dissertation/virtushield/final-datasets/sl-dataset/safe-final/ziggy-ziggy-v0-nhekqztx5gvf1.png.png,SAFE,SAFE,0.29932114481925964,full_system,second_life
